Product Name,Brand,Category,MRP,Discounted Price,Rating,Product URL
Men Navy Blue Regular Fit Casual Shirt, Wuxi,Men's Casual Shirts,2499,509,4.0,https://www.limeroad.com/navy-blue-nylon-wuxi-p20767948?imgIdx=0
Men Navy Regular Fit Solid Short Sleeved Casual Shirt, Beyou Fashion,Men's Casual Shirts,999,450,4.0,https://www.limeroad.com/dark-blue-cotton-blend-beyou-fashion-p21383587?imgIdx=0
Men Collared Short Sleeves Casual Shirt, Unlimited,Men's Casual Shirts,799,679,4.5,https://www.limeroad.com/maroon-slub-v-mart-p21497677?imgIdx=0
Mens Solid Casual Shirt, Vida Loca,Men's Casual Shirts,2499,1049,2.5,https://www.limeroad.com/multi-cotton-vida-loca-p19119499?imgIdx=0
Mens Checks Casual Shirt, D Kumar,Men's Casual Shirts,1649,779,4.0,https://www.limeroad.com/blue-cotton-d-kumar-p17894217?imgIdx=0
Men Collared Placement Printed Casual Shirt, Beyou Fashion,Men's Casual Shirts,999,509,4.5,https://www.limeroad.com/dark-blue-cotton-blend-beyou-fashion-p20840638?imgIdx=0
Men Collared Neck Short Sleeves Casual Shirt, Flick By Vmart,Men's Casual Shirts,299,299,4.5,https://www.limeroad.com/orange-poplin-v-mart-p21178107?imgIdx=0
Men Long Sleeved Solid Casual Shirt, Xatia,Men's Casual Shirts,2699,509,3.5,https://www.limeroad.com/navy-blue-cotton-xatia-p20982690?imgIdx=0
Men Solid Collared Long Sleeves Casual Shirt, Flick By Vmart,Men's Casual Shirts,799,679,4.5,https://www.limeroad.com/navy-blue-cotton-flick-by-vmart-p21749779?imgIdx=0&src_id=fromsearch__0
Men Navy Blue Regular Fit Long Sleeve Casual Shirt, V-Mart,Men's Casual Shirts,499,419,4.0,https://www.limeroad.com/blue-cotton-v-mart-p19905967?imgIdx=0&src_id=fromsearch__0
Multi Colored Cotton Blend Casual Shirt, Beyou Fashion,Men's Casual Shirts,999,429,5.0,https://www.limeroad.com/multi-colored-cotton-blend-beyou-fashion-p20841051?imgIdx=0&src_id=fromsearch__0
Mens Solid Casual Shirt, Vida Loca,Men's Casual Shirts,2499,1049,4.0,https://www.limeroad.com/black-cotton-vida-loca-p19119481?imgIdx=0&src_id=fromsearch__0
Men Navy Blue Regular Fit Collared Shirt, Ketch,Men's Casual Shirts,999,259,4.5,https://www.limeroad.com/blue-cotton-blend-ketch-p21487527?imgIdx=0&src_id=fromsearch__0
Men Collared Color Block Casual Shirt, Beyou Fashion,Men's Casual Shirts,999,389,4.5,https://www.limeroad.com/multi-colored-cotton-blend-beyou-fashion-p20840681?imgIdx=0&src_id=fromsearch__0
Men Printed Long Sleeve Casual Shirt, Flick By Vmart,Men's Casual Shirts,499,469,3.5,https://www.limeroad.com/navy-blue-cotton-flick-by-vmart-p21717936?imgIdx=0&src_id=fromsearch__0
Men Long Sleeved Solid Casual Shirt, Xatia,Men's Casual Shirts,2699,509,3.0,https://www.limeroad.com/navy-blue-cotton-xatia-p20982696?imgIdx=0&src_id=fromsearch__0
Men Solid Long Sleeve Casual Shirt, Flick By Vmart,Men's Casual Shirts,699,629,4.5,https://www.limeroad.com/dark-grey-oxford-v-mart-p21533575?imgIdx=0&src_id=fromsearch__0
Men Short Sleeves Striped Casual Shirt, V-Mart,Men's Casual Shirts,599,569,5.0,https://www.limeroad.com/beige-fancy-fabric-v-mart-p21528270?imgIdx=0&src_id=fromsearch__0
Men Collared Short Sleeves Casual Shirt, Limeroad,Men's Casual Shirts,599,549,5.0,https://www.limeroad.com/orange-rayon-v-mart-p21490013?imgIdx=0&src_id=fromsearch__0
Mens Solid Casual Shirt, Vida Loca,Men's Casual Shirts,2499,1049,4.5,https://www.limeroad.com/multi-cotton-vida-loca-p19119477?imgIdx=0&src_id=fromsearch__0
Men Checkered Long Sleeve Casual Shirt, Flick By Vmart,Men's Casual Shirts,699,589,4.0,https://www.limeroad.com/beige-twill-v-mart-p21659785?imgIdx=0&src_id=fromsearch__0
Men Collared Printed Casual Shirt, Ketch,Men's Casual Shirts,1399,419,4.5,https://www.limeroad.com/multi-colored-cotton-blend-ketch-p21487585?imgIdx=0&src_id=fromsearch__0
Men Multi Colored Slim Fit Collared Casual Shirt, Beyou Fashion,Men's Casual Shirts,999,399,4.0,https://www.limeroad.com/multi-colored-cotton-blend-beyou-fashion-p20840646?imgIdx=0&src_id=fromsearch__0
Mens Solid Casual Shirt, Vida Loca,Men's Casual Shirts,2499,599,4.5,https://www.limeroad.com/navy-blue-cotton-vida-loca-p18426970?imgIdx=0&src_id=fromsearch__0
Men Self Design Long Sleeve Casual Shirt, Limeroad,Men's Casual Shirts,699,639,4.0,https://www.limeroad.com/navy-blue-dobby-v-mart-p21634624?imgIdx=0&src_id=fromsearch__0
Men Multi Color Collared Neck Casual Shirts, Ketch,Men's Casual Shirts,1949,559,3.5,https://www.limeroad.com/multi-colored-cotton-blend-ketch-p21486901?imgIdx=0&src_id=fromsearch__0
Men Collared Color Block Casual Shirt, Beyou Fashion,Men's Casual Shirts,999,399,5.0,https://www.limeroad.com/multi-colored-cotton-blend-beyou-fashion-p20840649?imgIdx=0&src_id=fromsearch__0
Navy Blue Slub Casual Shirt, Flick By Vmart,Men's Casual Shirts,599,569,4.0,https://www.limeroad.com/navy-blue-slub-v-mart-p21025416?imgIdx=0&src_id=fromsearch__0
Men Navy Blue Printed Short Sleeve Casual Shirt, Limeroad,Men's Casual Shirts,399,379,5.0,https://www.limeroad.com/green-rayon-v-mart-p21220917?imgIdx=0&src_id=fromsearch__0
Men Long Sleeves Printed Casual Shirt, Jwhite By Vmart,Men's Casual Shirts,599,569,5.0,https://www.limeroad.com/navy-blue-cotton-v-mart-p21694287?imgIdx=0&src_id=fromsearch__0
Men Slim Fit Long Sleeve Hooded Shirt, Beyou Fashion,Men's Casual Shirts,999,429,4.5,https://www.limeroad.com/multi-colored-cotton-blend-beyou-fashion-p20841370?imgIdx=0&src_id=fromsearch__0
Navy Blue Cotton Casual Shirt, Flick By Vmart,Men's Casual Shirts,599,569,4.5,https://www.limeroad.com/navy-blue-twill-v-mart-p21130439?imgIdx=0&src_id=fromsearch__0
Abstract Printed Casual Shirt, Flick By Vmart,Men's Casual Shirts,399,399,4.0,https://www.limeroad.com/white-rayon-v-mart-p21031843?imgIdx=0&src_id=fromsearch__0
Men Navy Blue Regular Fit Long Sleeved Checkered Casual Shirt, Ketch,Men's Casual Shirts,899,236,4.5,https://www.limeroad.com/multi-colored-cotton-blend-ketch-p21487929?imgIdx=0&src_id=fromsearch__0
Men Checkered Long Sleeve Casual Shirts, Ketch,Men's Casual Shirts,899,236,5.0,https://www.limeroad.com/multi-colored-cotton-blend-ketch-p21487781?imgIdx=0&src_id=fromsearch__0
Men Checkered Long Sleeve Regular Fit Casual Shirt, Flick By Vmart,Men's Casual Shirts,599,539,5.0,https://www.limeroad.com/light-green-slub-v-mart-p21951576?imgIdx=0&src_id=fromsearch__0
Men Navy Blue Slim Fit Striped Mandarin Neck Casual Shirt, Flick By Vmart,Men's Casual Shirts,499,489,4.5,https://www.limeroad.com/dark-blue-slub-v-mart-p20948372?imgIdx=0&src_id=fromsearch__0
Men Striped Short Sleeve Regular Fit Casual Shirt, V-Mart,Men's Casual Shirts,299,299,4.0,https://www.limeroad.com/navy-blue-cotton-v-mart-p21765936?imgIdx=0&src_id=fromsearch__0
Navy Blue Polyester Casual Shirt, Wuxi,Men's Casual Shirts,1699,569,4.0,https://www.limeroad.com/navy-blue-wuxi-p21018631?imgIdx=0&src_id=fromsearch__0
Mens Checks Casual Shirt, D Kumar,Men's Casual Shirts,1649,739,4.0,https://www.limeroad.com/red-cotton-d-kumar-p17894210?imgIdx=0&src_id=fromsearch__0
Men Printed Long Sleeve Casual Shirt, V-Mart,Men's Casual Shirts,999,799,3.5,https://www.limeroad.com/blue-cotton-v-mart-p21717882?imgIdx=0&src_id=fromsearch__0
Men Long Sleeves Plain Casual Shirt, V-Mart,Men's Casual Shirts,899,759,3.5,https://www.limeroad.com/navy-blue-cotton-v-mart-p21731418?imgIdx=0&src_id=fromsearch__0
Men Solid Collared Long Sleeve Shirt, Flick By Vmart,Men's Casual Shirts,899,739,3.5,https://www.limeroad.com/navy-blue-cotton-linen-v-mart-p21907651?imgIdx=0&src_id=fromsearch__0
Men Checkered Long Sleeve Regular Fit Casual Shirt, Flick By Vmart,Men's Casual Shirts,999,729,4.0,https://www.limeroad.com/navy-blue-cotton-flick-by-vmart-p21854309?imgIdx=0&src_id=fromsearch__0
Men Self Design Short Sleeve Regular Fit Casual Shirt, Flick By Vmart,Men's Casual Shirts,699,699,4.0,https://www.limeroad.com/blue-jacquard-v-mart-p21982465?imgIdx=0&src_id=fromsearch__0
Mens Checks Casual Shirt, D Kumar,Men's Casual Shirts,1649,789,4.0,https://www.limeroad.com/brown-cotton-d-kumar-p18030316?imgIdx=0&src_id=fromsearch__0
Men Solid Long Sleeve Casual Shirt, Ketch,Men's Casual Shirts,1649,429,5.0,https://www.limeroad.com/men-solid-long-sleeve-casual-shirt-ketch-p21487066?imgIdx=0&src_id=fromsearch__0
Men Printed Short Sleeve Casual Shirt, V-Mart,Men's Casual Shirts,599,569,4.5,https://www.limeroad.com/navy-blue-knitted-v-mart-p21510836?imgIdx=0&src_id=fromsearch__0
Men Printed Short Sleeve Regular Fit Casual Shirt, Flick By Vmart,Men's Casual Shirts,399,390,5.0,https://www.limeroad.com/brown-rayon-flick-by-vmart-p21936801?imgIdx=0&src_id=fromsearch__0
Men Navy Blue Regular Fit Checkered Casual Shirt, Flick By Vmart,Men's Casual Shirts,899,759,4.5,https://www.limeroad.com/navy-blue-amsler-slub-v-mart-p21371957?imgIdx=0&src_id=fromsearch__0
Navy Blue Cotton Blend Casual Shirt, Meghz,Men's Casual Shirts,1999,649,4.0,https://www.limeroad.com/dark-blue-cotton-blend-meghz-p21145151?imgIdx=0&src_id=fromsearch__0
Men Navy Blue Regular Fit Collared Casual Shirt, Flick By Vmart,Men's Casual Shirts,499,489,4.5,https://www.limeroad.com/dark-blue-denim-v-mart-p21347308?imgIdx=0&src_id=fromsearch__0
Men Long Sleeved Checkered Casual Shirt, Ketch,Men's Casual Shirts,999,259,4.0,https://www.limeroad.com/multi-colored-cotton-blend-ketch-p21487379?imgIdx=0&src_id=fromsearch__0
Men Striped Casual Shirt, Ketch,Men's Casual Shirts,1199,319,4.5,https://www.limeroad.com/multi-colored-cotton-blend-ketch-p21488527?imgIdx=0&src_id=fromsearch__0
Mens Micro Print Casual Shirt, V-Mart,Men's Casual Shirts,699,589,3.5,https://www.limeroad.com/blue-cotton-v-mart-p19961207?imgIdx=0&src_id=fromsearch__0
Men Floral Printed Long Sleeve Regular Fit Casual Shirt, V-Mart,Men's Casual Shirts,699,589,3.5,https://www.limeroad.com/navy-blue-cotton-v-mart-p21873194?imgIdx=0&src_id=fromsearch__0
Men Checkered Long Sleeve Regular Fit Casual Shirt, Indo Cotton,Men's Casual Shirts,2499,700,4.0,https://www.limeroad.com/white-cotton-indo-cotton-p21954563?imgIdx=0&src_id=fromsearch__0
Men Checkered Long Sleeve Regular Fit Casual Shirt, Indo Cotton,Men's Casual Shirts,2499,700,4.0,https://www.limeroad.com/purple-cotton-indo-cotton-p21954653?imgIdx=0&src_id=fromsearch__0
Men Printed Long Sleeve Regular Fit Casual Shirt, Indo Cotton,Men's Casual Shirts,2499,700,4.0,https://www.limeroad.com/blue-cotton-indo-cotton-p21954525?imgIdx=0&src_id=fromsearch__0
Men Striped Long Sleeve Regular Fit Casual Shirt, Indo Cotton,Men's Casual Shirts,2499,700,4.0,https://www.limeroad.com/green-cotton-indo-cotton-p21954658?imgIdx=0&src_id=fromsearch__0
Men Solid Long Sleeve Regular Fit Casual Shirt, Indo Cotton,Men's Casual Shirts,2499,700,4.0,https://www.limeroad.com/navy-blue-cotton-indo-cotton-p21954575?imgIdx=0&src_id=fromsearch__0
Men Checkered Long Sleeve Regular Fit Casual Shirt, Indo Cotton,Men's Casual Shirts,2499,700,4.5,https://www.limeroad.com/navy-blue-cotton-indo-cotton-p21954663?imgIdx=0&src_id=fromsearch__0
Men Striped Casual Shirt, Ketch,Men's Casual Shirts,1899,499,5.0,https://www.limeroad.com/brown-cotton-blend-ketch-p21488632?imgIdx=0&src_id=fromsearch__0
Mens Printed Casual Shirt, V-Mart,Men's Casual Shirts,499,419,5.0,https://www.limeroad.com/brown-cotton-v-mart-p20281583?imgIdx=0&src_id=fromsearch__0
Men Printed Long Sleeve Regular Fit Casual Shirt, Flick By Vmart,Men's Casual Shirts,599,539,5.0,https://www.limeroad.com/green-cotton-flick-by-vmart-p21934312?imgIdx=0&src_id=fromsearch__0
Men Navy Blue Regular Fit Collared Printed Casual Shirt, Showoffff,Men's Casual Shirts,1910,709,3.5,https://www.limeroad.com/navy-blue-cotton-blend-showoff-p20960745?imgIdx=0&src_id=fromsearch__0
Men Printed Short Sleeve Regular Fit Casual Shirt, Flick By Vmart,Men's Casual Shirts,399,390,3.5,https://www.limeroad.com/white-structured-v-mart-p21873045?imgIdx=0&src_id=fromsearch__0
Men Color Block Cotton Casual Shirt, Beyou Fashion,Men's Casual Shirts,999,389,5.0,https://www.limeroad.com/multi-colored-cotton-blend-beyou-fashion-p20840648?imgIdx=0&src_id=fromsearch__0
Men Striped Casual Shirt, Ketch,Men's Casual Shirts,1649,429,5.0,https://www.limeroad.com/multi-colored-cotton-ketch-p21488634?imgIdx=0&src_id=fromsearch__0
Men Long Sleeved Checkered Casual Shirt, Ketch,Men's Casual Shirts,999,259,4.5,https://www.limeroad.com/multi-colored-cotton-blend-ketch-p21487541?imgIdx=0&src_id=fromsearch__0
Men Checkered Casual Wear Shirt, Ketch,Men's Casual Shirts,899,236,3.5,https://www.limeroad.com/multi-colored-cotton-blend-ketch-p21487876?imgIdx=0&src_id=fromsearch__0
Men Collared Checks Casual Shirt, Ketch,Men's Casual Shirts,899,289,3.5,https://www.limeroad.com/multi-colored-cotton-blend-ketch-p21487763?imgIdx=0&src_id=fromsearch__0
Men Collared Checks Casual Shirt, Ketch,Men's Casual Shirts,1849,489,4.5,https://www.limeroad.com/pink-cotton-blend-ketch-p21486729?imgIdx=0&src_id=fromsearch__0
Men Long Sleeved Checkered Casual Shirt, Ketch,Men's Casual Shirts,999,259,4.0,https://www.limeroad.com/multi-colored-cotton-blend-ketch-p21487420?imgIdx=0&src_id=fromsearch__0
Mens Block Print Casual Shirt, Millennial Men,Men's Casual Shirts,1799,749,5.0,https://www.limeroad.com/blue-cotton-millennial-men-p17633922?imgIdx=0&src_id=fromsearch__0
Men Checkered Casual Wear Shirt, Ketch,Men's Casual Shirts,899,236,5.0,https://www.limeroad.com/multi-colored-cotton-blend-ketch-p21487904?imgIdx=0&src_id=fromsearch__0
Mens Color Block Casual Shirt, Showoffff,Men's Casual Shirts,2565,769,5.0,https://www.limeroad.com/multi-cotton-showoff-p19126258?imgIdx=0&src_id=fromsearch__0
Men Long Sleeves Checkered Casual Shirt, V-Mart,Men's Casual Shirts,799,679,4.0,https://www.limeroad.com/navy-blue-cotton-v-mart-p21731366?imgIdx=0&src_id=fromsearch__0
Mens Solid Casual Shirt, Cape Canary,Men's Casual Shirts,1899,849,3.5,https://www.limeroad.com/navy-blue-cotton-cape-canary-p17336948?imgIdx=0&src_id=fromsearch__0
Men Collared Color Block Casual Shirt, Beyou Fashion,Men's Casual Shirts,999,389,5.0,https://www.limeroad.com/multi-colored-cotton-blend-beyou-fashion-p20840659?imgIdx=0&src_id=fromsearch__0
Mens Graphic Casual Shirt, Showoffff,Men's Casual Shirts,2595,779,3.5,https://www.limeroad.com/multi-cotton-showoff-p18636926?imgIdx=0&src_id=fromsearch__0
Multi Colored Cotton Blend Casual Shirt, Beyou Fashion,Men's Casual Shirts,999,419,4.0,https://www.limeroad.com/multi-colored-cotton-blend-beyou-fashion-p20841052?imgIdx=0&src_id=fromsearch__0
Men Checkered Casual Wear Shirt, Ketch,Men's Casual Shirts,899,236,5.0,https://www.limeroad.com/multi-colored-cotton-blend-ketch-p21487886?imgIdx=0&src_id=fromsearch__0
Mens Printed Casual Shirt, Jainish,Men's Casual Shirts,1499,499,4.5,https://www.limeroad.com/pink-cotton-jainish-p19143708?imgIdx=0&src_id=fromsearch__0
Men Regular Fit Check Shirt, V-Mart,Men's Casual Shirts,699,639,4.5,https://www.limeroad.com/black-cotton-v-mart-p20562439?imgIdx=0&src_id=fromsearch__0
Mens Checks Casual Shirt, Crosscreek,Men's Casual Shirts,1995,789,4.0,https://www.limeroad.com/multi-linen-crosscreek-p18686939?imgIdx=0&src_id=fromsearch__0
Men Navy Blue Regular Fitr Checkered Casual Shirt, V-Mart,Men's Casual Shirts,899,759,5.0,https://www.limeroad.com/white-indigo-v-mart-p21172239?imgIdx=0&src_id=fromsearch__0
Men Collared Printed Casual Shirt, Ketch,Men's Casual Shirts,1449,430,4.5,https://www.limeroad.com/multi-colored-cotton-ketch-p21487117?imgIdx=0&src_id=fromsearch__0
Mens Printed Casual Shirt, Showoffff,Men's Casual Shirts,2410,789,4.5,https://www.limeroad.com/multi-cotton-showoff-p19944496?imgIdx=0&src_id=fromsearch__0
Men Solid Short Sleeve Regular Fit Casual Shirt, Flick By Vmart,Men's Casual Shirts,699,679,5.0,https://www.limeroad.com/blue-cotton-v-mart-p21863124?imgIdx=0&src_id=fromsearch__0
Men Striped Long Sleeve Regular Fit Casual Shirt, Unlimited,Men's Casual Shirts,599,509,4.0,https://www.limeroad.com/dark-blue-dobby-v-mart-p21874049?imgIdx=0&src_id=fromsearch__0
Men Collared Printed Casual Shirt, Ketch,Men's Casual Shirts,1249,329,5.0,https://www.limeroad.com/multi-colored-cotton-ketch-p21487124?imgIdx=0&src_id=fromsearch__0
Men Regular Fit Printed Single Pocket Casual Shirt, Am Swan,Men's Casual Shirts,2399,1199,4.0,https://www.limeroad.com/multi-colored-rayon-am-swan-p21636357?imgIdx=0&src_id=fromsearch__0
Men Regular Fit Printed Single Pocket Casual Shirt, Am Swan,Men's Casual Shirts,2399,1199,4.0,https://www.limeroad.com/multi-colored-rayon-am-swan-p21636359?imgIdx=0&src_id=fromsearch__0
Men Regular Fit Checkered Double Pocket Casual Shirt, Am Swan,Men's Casual Shirts,2999,1429,4.0,https://www.limeroad.com/multi-colored-cotton-am-swan-p21636341?imgIdx=0&src_id=fromsearch__0
Men Regular Fit Printed Single Pocket Casual Shirt, Am Swan,Men's Casual Shirts,2399,1199,4.0,https://www.limeroad.com/multi-colored-rayon-am-swan-p21636358?imgIdx=0&src_id=fromsearch__0
Men Pack Of 2 Solid Long Sleeve Casual Shirt, Twenty Eight,Men's Casual Shirts,1499,1499,4.0,https://www.limeroad.com/men-pack-of-2-solid-long-sleeve-casual-shirt-twenty-eight-p22057830?imgIdx=0&src_id=fromsearch__0
Men Pack Of 2 Solid Long Sleeve Casual Shirt, Twenty Eight,Men's Casual Shirts,1499,1499,4.0,https://www.limeroad.com/men-pack-of-2-solid-long-sleeve-casual-shirt-twenty-eight-p22057829?imgIdx=0&src_id=fromsearch__0
Men Pack Of 2 Solid Long Sleeve Casual Shirt, Twenty Eight,Men's Casual Shirts,1499,1499,4.0,https://www.limeroad.com/men-pack-of-2-solid-long-sleeve-casual-shirt-twenty-eight-p22057826?imgIdx=0&src_id=fromsearch__0
Men Pack Of 2 Solid Long Sleeve Casual Shirt, Twenty Eight,Men's Casual Shirts,1499,1499,4.0,https://www.limeroad.com/men-pack-of-2-solid-long-sleeve-casual-shirt-twenty-eight-p22057825?imgIdx=0&src_id=fromsearch__0
Mens Geometric Casual Shirt, V-Mart,Men's Casual Shirts,899,629,3.5,https://www.limeroad.com/blue-cotton-v-mart-p19905963?imgIdx=0&src_id=fromsearch__0
Mens Florals Casual Shirt, Showoffff,Men's Casual Shirts,2435,709,4.0,https://www.limeroad.com/navy-blue-cotton-showoff-p18301724?imgIdx=0&src_id=fromsearch__0
Men Short Sleeves Casual Shirts, Chimpaaanzee,Men's Casual Shirts,1299,799,4.0,https://www.limeroad.com/multi-colored-cotton-blend-chimpaaanzee-p21345565?imgIdx=0&src_id=fromsearch__0
Mens Printed Casual Shirt, Showoffff,Men's Casual Shirts,2497,729,4.0,https://www.limeroad.com/blue-cotton-showoff-p18537357?imgIdx=0&src_id=fromsearch__0
Men Collared Checks Casual Shirt, Ketch,Men's Casual Shirts,999,349,4.0,https://www.limeroad.com/multi-colored-cotton-blend-ketch-p21487553?imgIdx=0&src_id=fromsearch__0
Men Navy Blue Solid Long Sleeve Hooded T-Shirt, Beyou Fashion,Men's Casual Shirts,999,419,5.0,https://www.limeroad.com/blue-cotton-blend-beyou-fashion-p20840564?imgIdx=0&src_id=fromsearch__0
Men Collared Typographic Printed Casual Shirt, Ketch,Men's Casual Shirts,2199,689,4.0,https://www.limeroad.com/dark-blue-cotton-ketch-p21486741?imgIdx=0&src_id=fromsearch__0
Mens Quirky Casual Shirt, Showoffff,Men's Casual Shirts,2190,719,4.0,https://www.limeroad.com/multi-rayon-showoff-p19662823?imgIdx=0&src_id=fromsearch__0
Men Collared Printed Casual Shirt, Ketch,Men's Casual Shirts,2049,589,4.0,https://www.limeroad.com/multi-colored-cotton-ketch-p21486850?imgIdx=0&src_id=fromsearch__0
Men Collared Printed Casual Shirt, Ketch,Men's Casual Shirts,1399,369,4.5,https://www.limeroad.com/multi-colored-cotton-ketch-p21487622?imgIdx=0&src_id=fromsearch__0
Men Regular Fit Striped Mandarin Neck Casual Shirt, Showoffff,Men's Casual Shirts,2398,959,4.5,https://www.limeroad.com/navy-blue-cotton-blend-showoff-p21597557?imgIdx=0&src_id=fromsearch__0
Multi Colored Cotton Blend Casual Shirt, Beyou Fashion,Men's Casual Shirts,999,419,4.0,https://www.limeroad.com/multi-colored-cotton-blend-beyou-fashion-p20841046?imgIdx=0&src_id=fromsearch__0
Multi Colored Cotton Casual Shirt, Showoffff,Men's Casual Shirts,2130,789,4.0,https://www.limeroad.com/multi-cotton-showoff-p19856089?imgIdx=0&src_id=fromsearch__0
Men Collared Printed Casual Shirt, Ketch,Men's Casual Shirts,2099,549,4.0,https://www.limeroad.com/multi-colored-cotton-ketch-p21486849?imgIdx=0&src_id=fromsearch__0
Mens Florals Casual Shirt, Showoffff,Men's Casual Shirts,2350,709,3.5,https://www.limeroad.com/navy-blue-cotton-showoff-p17646693?imgIdx=0&src_id=fromsearch__0
Mens Polka Dots Casual Shirt, Cape Canary,Men's Casual Shirts,1499,789,4.0,https://www.limeroad.com/blue-cotton-cape-canary-p17614790?imgIdx=0&src_id=fromsearch__0
Men Long Sleeves Checkered Casual Shirt, Flick By Vmart,Men's Casual Shirts,999,499,4.0,https://www.limeroad.com/navy-blue-twill-v-mart-p21303792?imgIdx=0&src_id=fromsearch__0
Navy Blue Cotton Blend Casual Shirt, Showoffff,Men's Casual Shirts,2440,899,4.5,https://www.limeroad.com/navy-blue-cotton-blend-showoff-p20598721?imgIdx=0&src_id=fromsearch__0
Men Striped Long Sleeve Regular Fit Casual Shirt, V-Mart,Men's Casual Shirts,999,849,3.5,https://www.limeroad.com/navy-blue-cotton-v-mart-p21854257?imgIdx=0&src_id=fromsearch__0
Multi Colored Cotton Blend Casual Shirt, Beyou Fashion,Men's Casual Shirts,999,429,4.0,https://www.limeroad.com/multi-colored-cotton-blend-beyou-fashion-p20841058?imgIdx=0&src_id=fromsearch__0
Men Striped Casual Shirt, Ketch,Men's Casual Shirts,1699,449,4.0,https://www.limeroad.com/blue-cotton-ketch-p21488565?imgIdx=0&src_id=fromsearch__0
Mens Geometric Casual Shirt, Showoffff,Men's Casual Shirts,1850,589,5.0,https://www.limeroad.com/navy-blue-cotton-showoff-p20325472?imgIdx=0&src_id=fromsearch__0
Mens Checks Casual Shirt, Showoffff,Men's Casual Shirts,2130,749,5.0,https://www.limeroad.com/navy-blue-cotton-showoff-p20325515?imgIdx=0&src_id=fromsearch__0
Multi Colored Cotton Blend Casual Shirt, Beyou Fashion,Men's Casual Shirts,999,389,4.0,https://www.limeroad.com/multi-colored-cotton-blend-beyou-fashion-p20840968?imgIdx=0&src_id=fromsearch__0
Mens Florals Casual Shirt, Showoffff,Men's Casual Shirts,2500,729,3.5,https://www.limeroad.com/blue-cotton-showoff-p18636917?imgIdx=0&src_id=fromsearch__0
Mens Geometric Casual Shirt, Showoffff,Men's Casual Shirts,2425,729,4.5,https://www.limeroad.com/navy-blue-cotton-showoff-p17646722?imgIdx=0&src_id=fromsearch__0
Navy Blue Printed Casual Shirt, V-Mart,Men's Casual Shirts,499,419,3.5,https://www.limeroad.com/blue-cotton-v-mart-p20562447?imgIdx=0&src_id=fromsearch__0
Men Stiriped Short Sleeve Regular Fit Casual Shirt, V-Mart,Men's Casual Shirts,699,619,5.0,https://www.limeroad.com/navy-blue-cotton-v-mart-p21749705?imgIdx=0&src_id=fromsearch__0
Mens Quirky Casual Shirt, Showoffff,Men's Casual Shirts,2425,699,4.5,https://www.limeroad.com/navy-blue-cotton-showoff-p17258334?imgIdx=0&src_id=fromsearch__0
Navy Blue Cotton Casual Shirt, Flick By Vmart,Men's Casual Shirts,699,629,4.0,https://www.limeroad.com/navy-blue-twill-v-mart-p21131291?imgIdx=0&src_id=fromsearch__0
Half Sleeve Oversized Fit Shirt, Chimpaaanzee,Men's Casual Shirts,1499,699,4.0,https://www.limeroad.com/yellow-fleece-chimpaaanzee-p21113436?imgIdx=0&src_id=fromsearch__0
Mens Printed Casual Shirt, Showoffff,Men's Casual Shirts,2565,769,3.5,https://www.limeroad.com/blue-cotton-showoff-p18650849?imgIdx=0&src_id=fromsearch__0
Mens Stripes Casual Shirt, Showoffff,Men's Casual Shirts,2425,729,4.5,https://www.limeroad.com/navy-blue-cotton-showoff-p17646751?imgIdx=0&src_id=fromsearch__0
Men Paisley Printed Collared Casual Shirt, Ketch,Men's Casual Shirts,1249,329,4.0,https://www.limeroad.com/men-paisley-printed-collared-casual-shirt-ketch-p21487041?imgIdx=0&src_id=fromsearch__0
Pack Of 2 Solid Casual Shirts, Printcultr,Men's Casual Shirts,2149,509,4.0,https://www.limeroad.com/multi-colored-cotton-blend-printcultr-p21340785?imgIdx=0&src_id=fromsearch__0
Men Checkered Long Sleeve Regular Fit Casual Shirt, V-Mart,Men's Casual Shirts,599,489,5.0,https://www.limeroad.com/navy-blue-cotton-v-mart-p21749711?imgIdx=0&src_id=fromsearch__0
Men Checkered Long Sleeve Casual Shirt, Showoffff,Men's Casual Shirts,2698,1049,4.0,https://www.limeroad.com/navy-blue-cotton-showoff-p21562591?imgIdx=0&src_id=fromsearch__0
Men Long Sleeved Checkered Casual Shirt, Ketch,Men's Casual Shirts,999,259,4.0,https://www.limeroad.com/multi-colored-cotton-blend-ketch-p21487516?imgIdx=0&src_id=fromsearch__0
Men Printed Collared Casual Shirt, Ketch,Men's Casual Shirts,1999,579,4.5,https://www.limeroad.com/men-printed-collared-casual-shirt-ketch-p21486937?imgIdx=0&src_id=fromsearch__0
Men Striped Casual Shirt, Ketch,Men's Casual Shirts,1899,499,3.5,https://www.limeroad.com/multi-colored-cotton-ketch-p21488638?imgIdx=0&src_id=fromsearch__0
Men Long Sleeved Solid Casual Shirt, Showoffff,Men's Casual Shirts,2098,779,4.0,https://www.limeroad.com/navy-blue-cotton-showoff-p21378844?imgIdx=0&src_id=fromsearch__0
Men Collared Short Sleeves Casual Shirt, Ketch,Men's Casual Shirts,1199,319,3.5,https://www.limeroad.com/multi-colored-cotton-blend-ketch-p21487260?imgIdx=0&src_id=fromsearch__0
Men Collared Long Sleeves Casual Shirt, Ketch,Men's Casual Shirts,899,236,5.0,https://www.limeroad.com/multi-colored-cotton-blend-ketch-p21487726?imgIdx=0&src_id=fromsearch__0
Multi Colored Cotton Casual Shirt, Showoffff,Men's Casual Shirts,2410,919,4.0,https://www.limeroad.com/multi-cotton-showoff-p19944503?imgIdx=0&src_id=fromsearch__0
Men Checkered Long Sleeve Regular Fit Casual Shirt, Flick By Vmart,Men's Casual Shirts,599,539,4.0,https://www.limeroad.com/light-pink-slub-v-mart-p21951581?imgIdx=0&src_id=fromsearch__0
Men Solid Long Sleeve Regular Fit Casual Shirt, V-Mart,Men's Casual Shirts,999,799,3.5,https://www.limeroad.com/navy-blue-cotton-v-mart-p21765919?imgIdx=0&src_id=fromsearch__0
Men Long Sleeved Checkered Casual Shirt, Showoffff,Men's Casual Shirts,2130,789,4.0,https://www.limeroad.com/navy-blue-cotton-blend-showoff-p21056156?imgIdx=0&src_id=fromsearch__0
Men Multi Colored Graphic Print Slim Fit Cotton Blend Casual Shirt, Showoffff,Men's Casual Shirts,2600,829,3.5,https://www.limeroad.com/multi-colored-cotton-blend-showoff-p20383924?imgIdx=0&src_id=fromsearch__0
Men Printed Regular Fit Three Fourth Sleeves Casual Shirt, Vs Mall,Men's Casual Shirts,1499,699,4.0,https://www.limeroad.com/multi-colored-cotton-vs-mall-p21567333?imgIdx=0&src_id=fromsearch__0
Mens Graphic Casual Shirt, Showoffff,Men's Casual Shirts,2425,729,4.0,https://www.limeroad.com/navy-blue-cotton-showoff-p17646745?imgIdx=0&src_id=fromsearch__0
Men Striped Long Sleeve Casual Shirt, Showoffff,Men's Casual Shirts,2698,1049,4.0,https://www.limeroad.com/peach-cotton-showoff-p21562531?imgIdx=0&src_id=fromsearch__0
Men Collared Graphic Printed Casual Shirt, Ketch,Men's Casual Shirts,1749,459,4.0,https://www.limeroad.com/multi-colored-cotton-ketch-p21486734?imgIdx=0&src_id=fromsearch__0
Mens Quirky Casual Shirt, Showoffff,Men's Casual Shirts,2500,729,4.5,https://www.limeroad.com/blue-cotton-showoff-p18650823?imgIdx=0&src_id=fromsearch__0
Mens Leaf Print Casual Shirt, Showoffff,Men's Casual Shirts,2350,709,4.5,https://www.limeroad.com/navy-blue-cotton-showoff-p17646697?imgIdx=0&src_id=fromsearch__0
Men Short Sleeved Printed Casual Shirt, Ketch,Men's Casual Shirts,1699,499,4.0,https://www.limeroad.com/dark-blue-cotton-ketch-p21486969?imgIdx=0&src_id=fromsearch__0
Men Collared Short Sleeves Casual Shirt, Ketch,Men's Casual Shirts,1399,369,4.0,https://www.limeroad.com/multi-colored-cotton-blend-ketch-p21487283?imgIdx=0&src_id=fromsearch__0
Men Striped Cotton Casual Shirt, Showoffff,Men's Casual Shirts,2298,850,4.0,https://www.limeroad.com/navy-blue-cotton-showoff-p21378723?imgIdx=0&src_id=fromsearch__0
Men Long Sleeved Checkered Casual Shirt, Ketch,Men's Casual Shirts,999,259,4.0,https://www.limeroad.com/multi-colored-cotton-blend-ketch-p21487419?imgIdx=0&src_id=fromsearch__0
Men Printed Collared Casual Shirt, Ketch,Men's Casual Shirts,1949,509,4.0,https://www.limeroad.com/men-printed-collared-casual-shirt-ketch-p21486982?imgIdx=0&src_id=fromsearch__0
Green & Black Checkered Casual Shirt, V-Mart,Men's Casual Shirts,699,569,3.5,https://www.limeroad.com/green-cotton-v-mart-p20535117?imgIdx=0&src_id=fromsearch__0
Men Collared Short Sleeves Casual Shirt, Ketch,Men's Casual Shirts,1249,349,5.0,https://www.limeroad.com/multi-colored-cotton-ketch-p21487293?imgIdx=0&src_id=fromsearch__0
Men Collared Short Sleeves Casual Shirt, Ketch,Men's Casual Shirts,1249,399,4.0,https://www.limeroad.com/multi-colored-cotton-ketch-p21487296?imgIdx=0&src_id=fromsearch__0
Men Solid Long Sleeve Casual Shirt, Showoffff,Men's Casual Shirts,2398,889,4.0,https://www.limeroad.com/navy-blue-cotton-showoff-p21562571?imgIdx=0&src_id=fromsearch__0
Men Navy Blue Cotton Blend Casual Shirt, Showoffff,Men's Casual Shirts,2398,889,4.5,https://www.limeroad.com/navy-blue-cotton-blend-showoff-p21514792?imgIdx=0&src_id=fromsearch__0
Men Printed Long Sleeve Casual Shirt, Showoffff,Men's Casual Shirts,2398,889,4.5,https://www.limeroad.com/navy-blue-cotton-showoff-p21562510?imgIdx=0&src_id=fromsearch__0
Men Multi Colored Printed Slim Fit Cotton Blend Casual Shirt, Showoffff,Men's Casual Shirts,2600,829,4.5,https://www.limeroad.com/black-cotton-blend-showoff-p20383919?imgIdx=0&src_id=fromsearch__0
Men Printed Collared Casual Shirt, Ketch,Men's Casual Shirts,1949,509,4.0,https://www.limeroad.com/men-printed-collared-casual-shirt-ketch-p21486970?imgIdx=0&src_id=fromsearch__0
Men Striped Casual Shirt, Ketch,Men's Casual Shirts,1249,329,4.0,https://www.limeroad.com/multi-colored-cotton-blend-ketch-p21488526?imgIdx=0&src_id=fromsearch__0
Men Regular Fit Plain Single Pocket Casual Shirt, Am Swan,Men's Casual Shirts,2599,979,4.0,https://www.limeroad.com/blue-cotton-am-swan-p21636400?imgIdx=0&src_id=fromsearch__0
Multi Colored Cotton Blend Casual Shirt, Beyou Fashion,Men's Casual Shirts,999,419,4.0,https://www.limeroad.com/multi-colored-cotton-blend-beyou-fashion-p20841094?imgIdx=0&src_id=fromsearch__0
Men Printed Long Sleeve Casual Shirt, V-Mart,Men's Casual Shirts,999,849,4.0,https://www.limeroad.com/blue-cotton-v-mart-p21717891?imgIdx=0&src_id=fromsearch__0
Mens Micro Print Casual Shirt, Cape Canary,Men's Casual Shirts,1499,649,4.5,https://www.limeroad.com/navy-blue-cotton-cape-canary-p17336935?imgIdx=0&src_id=fromsearch__0
Men Collared Stripes Casual Shirt, Indian Needle,Men's Casual Shirts,1999,700,4.0,https://www.limeroad.com/maroon-cotton-indian-needle-p21525032?imgIdx=0&src_id=fromsearch__0
Men Collared Printed Casual Shirt, Ketch,Men's Casual Shirts,1599,420,4.0,https://www.limeroad.com/purple-cotton-blend-ketch-p21486777?imgIdx=0&src_id=fromsearch__0
Men Multi Color Printed Cotton Blend Casual Shirt, Showoffff,Men's Casual Shirts,2600,829,4.0,https://www.limeroad.com/green-cotton-blend-showoff-p20383914?imgIdx=0&src_id=fromsearch__0
Men Solid Cotton Casual Shirt, Showoffff,Men's Casual Shirts,2298,850,5.0,https://www.limeroad.com/navy-blue-cotton-showoff-p21378786?imgIdx=0&src_id=fromsearch__0
Men Collared Printed Casual Shirt, V-Mart,Men's Casual Shirts,999,799,3.5,https://www.limeroad.com/orange-dobby-v-mart-p21492752?imgIdx=0&src_id=fromsearch__0
Mens Florals Casual Shirt, Showoffff,Men's Casual Shirts,2380,779,4.5,https://www.limeroad.com/multi-cotton-showoff-p19944579?imgIdx=0&src_id=fromsearch__0
Men Checkered Long Sleeve Regular Fit Casual Shirt, Allan Peter,Men's Casual Shirts,2599,599,4.0,https://www.limeroad.com/multi-colored-cotton-allan-peter-p21750785?imgIdx=0&src_id=fromsearch__0
Styli Men Textured Double Pockets Loose Fit Shirt, Styli,Men's Casual Shirts,1899,549,4.0,https://www.limeroad.com/navy-blue-cotton-blend-styli-p21630650?imgIdx=0&src_id=fromsearch__0
Men Collared Typographic Printed Casual Shirt, Ketch,Men's Casual Shirts,1899,499,4.0,https://www.limeroad.com/dark-blue-cotton-ketch-p21486783?imgIdx=0&src_id=fromsearch__0
Men Printed Cuban Collaerd Short Sleeve Shirt, Unlimited,Men's Casual Shirts,499,489,4.0,https://www.limeroad.com/navy-blue-slub-v-mart-p21873873?imgIdx=0&src_id=fromsearch__0
Mens Florals Casual Shirt, Showoffff,Men's Casual Shirts,2425,729,4.0,https://www.limeroad.com/navy-blue-cotton-showoff-p17646719?imgIdx=0&src_id=fromsearch__0
Men Short Sleeves Striped Casual Shirt, V-Mart,Men's Casual Shirts,499,449,3.5,https://www.limeroad.com/navy-blue-cotton-v-mart-p21731344?imgIdx=0&src_id=fromsearch__0
Men Long Sleeves Printed Casual Shirt, Showoffff,Men's Casual Shirts,2298,850,4.5,https://www.limeroad.com/navy-blue-cotton-blend-showoff-p21597467?imgIdx=0&src_id=fromsearch__0
Men Long Sleeved Checkered Casual Shirt, Ketch,Men's Casual Shirts,999,259,4.0,https://www.limeroad.com/multi-colored-cotton-blend-ketch-p21487402?imgIdx=0&src_id=fromsearch__0
Men Striped Casual Shirt, Ketch,Men's Casual Shirts,1249,329,4.0,https://www.limeroad.com/multi-colored-cotton-ketch-p21488547?imgIdx=0&src_id=fromsearch__0
Men Navy Blue Solid Casual Shirt, Showoffff,Men's Casual Shirts,2298,850,4.5,https://www.limeroad.com/navy-blue-cotton-blend-showoff-p21514449?imgIdx=0&src_id=fromsearch__0
Men Long Sleeves Printed Casual Shirt, Enspyr,Men's Casual Shirts,1499,869,4.0,https://www.limeroad.com/navy-blue-cotton-enspyr-p21742595?imgIdx=0&src_id=fromsearch__0
Men Collared Printed Casual Shirt, V-Mart,Men's Casual Shirts,999,799,3.5,https://www.limeroad.com/blue-dobby-v-mart-p21492751?imgIdx=0&src_id=fromsearch__0
Men Short Sleeved Printed Casual Shirt, Indian Needle,Men's Casual Shirts,1499,600,4.0,https://www.limeroad.com/navy-blue-cotton-indian-needle-p21139366?imgIdx=0&src_id=fromsearch__0
Mens Geometric Casual Shirt, Showoffff,Men's Casual Shirts,2600,780,4.5,https://www.limeroad.com/navy-blue-cotton-showoff-p17795949?imgIdx=0&src_id=fromsearch__0
Multi Colored Cotton Casual Shirt, Allan Peter,Men's Casual Shirts,1299,699,4.0,https://www.limeroad.com/multi-colored-cotton-allan-peter-p21969171?imgIdx=0&src_id=fromsearch__0
Men Striped Casual Shirt, Ketch,Men's Casual Shirts,1449,380,3.5,https://www.limeroad.com/multi-colored-cotton-ketch-p21488556?imgIdx=0&src_id=fromsearch__0
Men Printed Long Sleeve Casual Shirt, Showoffff,Men's Casual Shirts,2398,889,4.5,https://www.limeroad.com/brown-cotton-blend-showoff-p21550101?imgIdx=0&src_id=fromsearch__0
Men Solid Long Sleeve Casual Shirt, Limeroad,Men's Casual Shirts,499,469,3.5,https://www.limeroad.com/navy-blue-slub-v-mart-p21332040?imgIdx=0&src_id=fromsearch__0
Men Checkered Long Sleeve Regular Fit Casual Shirt, Allan Peter,Men's Casual Shirts,2599,599,4.0,https://www.limeroad.com/multi-colored-cotton-allan-peter-p21750783?imgIdx=0&src_id=fromsearch__0
Men Printed Casual Shirt, Indian Needle,Men's Casual Shirts,1999,800,4.5,https://www.limeroad.com/navy-blue-cotton-indian-needle-p21139345?imgIdx=0&src_id=fromsearch__0
Men Striped Casual Shirt, Ketch,Men's Casual Shirts,1249,329,4.0,https://www.limeroad.com/multi-colored-cotton-ketch-p21488546?imgIdx=0&src_id=fromsearch__0
Men Striped Casual Shirt, Ketch,Men's Casual Shirts,1249,329,4.0,https://www.limeroad.com/multi-colored-cotton-blend-ketch-p21488495?imgIdx=0&src_id=fromsearch__0
Men Long Sleeved Striped Casual Shirt, Purple State,Men's Casual Shirts,1999,469,4.0,https://www.limeroad.com/maroon-cotton-blend-purple-state-p21324698?imgIdx=0&src_id=fromsearch__0
Men Collared Checks Casual Shirt, Ketch,Men's Casual Shirts,999,259,5.0,https://www.limeroad.com/multi-colored-cotton-blend-ketch-p21487547?imgIdx=0&src_id=fromsearch__0
Mens Solid Casual Shirt, Jainish,Men's Casual Shirts,1499,600,4.5,https://www.limeroad.com/blue-cotton-jainish-p19143367?imgIdx=0&src_id=fromsearch__0
Men'S Paisley Printed Casual Shirts, Jainish,Men's Casual Shirts,1799,559,5.0,https://www.limeroad.com/blue-rayon-jainish-p20418790?imgIdx=0&src_id=fromsearch__0
Men Collared Long Sleeve Casual Shirt, Showoffff,Men's Casual Shirts,2500,849,4.5,https://www.limeroad.com/black-crepe-showoff-p20960756?imgIdx=0&src_id=fromsearch__0
Men Regular Fit Printed Single Pocket Casual Shirt, Am Swan,Men's Casual Shirts,2399,1199,4.0,https://www.limeroad.com/multi-colored-rayon-am-swan-p21636365?imgIdx=0&src_id=fromsearch__0
Men Printed Long Sleeve Casual Shirt, V-Mart,Men's Casual Shirts,999,799,3.5,https://www.limeroad.com/pink-cotton-v-mart-p21717889?imgIdx=0&src_id=fromsearch__0
Men Checkered Long Sleeve Regular Fit Casual Shirt, Sand Dunes,Men's Casual Shirts,1599,989,4.0,https://www.limeroad.com/navy-blue-cotton-sand-dunes-p21917038?imgIdx=0&src_id=fromsearch__0
Men Collared Stripes Casual Shirt, Showoffff,Men's Casual Shirts,2398,939,4.0,https://www.limeroad.com/navy-blue-cotton-blend-showoff-p21514717?imgIdx=0&src_id=fromsearch__0
Men Black Floral Printed Casual Shirt, Oxolloxo,Men's Casual Shirts,1649,389,3.5,https://www.limeroad.com/grey-oxolloxo-p20617472?imgIdx=0&src_id=fromsearch__0
Men Short Sleeves Striped Casual Shirt, V-Mart,Men's Casual Shirts,699,569,3.5,https://www.limeroad.com/navy-blue-cotton-v-mart-p21731324?imgIdx=0&src_id=fromsearch__0
Men Printed Long Sleeve Casual Shirt, Showoffff,Men's Casual Shirts,2398,959,4.5,https://www.limeroad.com/navy-blue-cotton-showoff-p21562509?imgIdx=0&src_id=fromsearch__0
Mens Printed Casual Shirt, Showoffff,Men's Casual Shirts,2630,869,4.5,https://www.limeroad.com/multi-colored-cotton-showoff-p20245592?imgIdx=0&src_id=fromsearch__0
Men Collared Long Sleeves Casual Shirt, Ketch,Men's Casual Shirts,1399,369,4.0,https://www.limeroad.com/multi-colored-cotton-ketch-p21487272?imgIdx=0&src_id=fromsearch__0
Men Collared Checks Casual Shirt, Ketch,Men's Casual Shirts,899,236,4.0,https://www.limeroad.com/multi-colored-cotton-blend-ketch-p21487761?imgIdx=0&src_id=fromsearch__0
Men Short Sleeves Printed Casual Shirt, Showoffff,Men's Casual Shirts,2698,1049,4.0,https://www.limeroad.com/multi-colored-cotton-showoff-p21721537?imgIdx=0&src_id=fromsearch__0
Men Striped Short Sleeves Casual Shirt, Showoffff,Men's Casual Shirts,2098,779,4.5,https://www.limeroad.com/cream-cotton-showoff-p21696335?imgIdx=0&src_id=fromsearch__0
Men Collared Printed Casual Shirt, Ketch,Men's Casual Shirts,1249,329,4.0,https://www.limeroad.com/multi-colored-cotton-ketch-p21487559?imgIdx=0&src_id=fromsearch__0
Men Collared Long Sleeves Casual Shirt, Ketch,Men's Casual Shirts,1399,369,4.0,https://www.limeroad.com/multi-colored-cotton-ketch-p21487274?imgIdx=0&src_id=fromsearch__0
Men Collared Printed Casual Shirt, Ketch,Men's Casual Shirts,2049,539,4.0,https://www.limeroad.com/dark-blue-cotton-ketch-p21486785?imgIdx=0&src_id=fromsearch__0
Men Slim Fit Checkered Long Sleeve Casual Shirt, Duke,Men's Casual Shirts,1799,1319,4.0,https://www.limeroad.com/grey-cotton-duke-p21644311?imgIdx=0&src_id=fromsearch__0
Men Collared Long Sleeve Casual Shirt, Indian Needle,Men's Casual Shirts,2299,899,4.5,https://www.limeroad.com/navy-blue-cotton-indian-needle-p20962820?imgIdx=0&src_id=fromsearch__0
Men Slim Fit Printed Long Sleeve Casual Shirt, Duke,Men's Casual Shirts,1799,1319,3.5,https://www.limeroad.com/brown-cotton-duke-p21644343?imgIdx=0&src_id=fromsearch__0
Mens Solid Casual Shirt, Cape Canary,Men's Casual Shirts,2499,1099,4.5,https://www.limeroad.com/navy-blue-cotton-cape-canary-p17336943?imgIdx=0&src_id=fromsearch__0
Men Long Sleeved Checkered Casual Shirt, Ketch,Men's Casual Shirts,999,349,4.5,https://www.limeroad.com/multi-colored-cotton-blend-ketch-p21487434?imgIdx=0&src_id=fromsearch__0
Men Collared Solid Casual Shirt, Ketch,Men's Casual Shirts,1249,579,4.0,https://www.limeroad.com/dark-blue-cotton-blend-ketch-p21487632?imgIdx=0&src_id=fromsearch__0
Men Leaf Printed Short Sleeve Oversized Casual Shirt, Brown Brothers,Men's Casual Shirts,1299,549,4.0,https://www.limeroad.com/multi-colored-cotton-blend-brown-brothers-p22013227?imgIdx=0&src_id=fromsearch__0
Men Printed Short Sleeve Regular Fit Casual Shirt, Brown Brothers,Men's Casual Shirts,1299,549,4.0,https://www.limeroad.com/blue-brown-brothers-p22013220?imgIdx=0&src_id=fromsearch__0
Men Solid Long Sleeve Regular Fit Casual Shirt, Brown Brothers,Men's Casual Shirts,1299,549,4.0,https://www.limeroad.com/blue-brown-brothers-p22013199?imgIdx=0&src_id=fromsearch__0
Men Striped Short Sleeve Oversized Casual Shirt, Brown Brothers,Men's Casual Shirts,1299,549,4.0,https://www.limeroad.com/multi-colored-brown-brothers-p22013196?imgIdx=0&src_id=fromsearch__0
Men Collared Short Sleeves Casual Shirt, Ketch,Men's Casual Shirts,1249,329,4.0,https://www.limeroad.com/multi-colored-cotton-ketch-p21487289?imgIdx=0&src_id=fromsearch__0
Men Long Sleeves Plain Casual Shirt, V-Mart,Men's Casual Shirts,999,849,3.5,https://www.limeroad.com/blue-cotton-blend-v-mart-p21731424?imgIdx=0&src_id=fromsearch__0
Men Regular Fit Check Printed Casual Shirt, Leotude,Men's Casual Shirts,1099,629,4.0,https://www.limeroad.com/red-cotton-blend-leotude-p21629381?imgIdx=0&src_id=fromsearch__0
Men Long Sleeved Solid Casual Shirt, Neef Play,Men's Casual Shirts,1699,699,4.0,https://www.limeroad.com/navy-blue-cotton-blend-neef-play-p21483158?imgIdx=0&src_id=fromsearch__0
Women Solid Collared Casual Shirt, Showoffff,Men's Casual Shirts,2398,889,4.5,https://www.limeroad.com/navy-blue-cotton-showoff-p21632626?imgIdx=0&src_id=fromsearch__0
Men Loose Fit Striped Cuban Collar Casual Shirt, Showoffff,Men's Casual Shirts,2698,1049,4.5,https://www.limeroad.com/blue-cotton-blend-showoff-p21597520?imgIdx=0&src_id=fromsearch__0
Men Long Sleeve Printed Casual Shirt, Showoffff,Men's Casual Shirts,2398,959,4.5,https://www.limeroad.com/navy-blue-cotton-blend-showoff-p21514763?imgIdx=0&src_id=fromsearch__0
Men Printed Long Sleeve Regular Fit Casual Shirt, V-Mart,Men's Casual Shirts,999,499,4.0,https://www.limeroad.com/blue-cotton-v-mart-p21765964?imgIdx=0&src_id=fromsearch__0
Men Solid Regular Fit Mandarin Neck Casual Shirt, Vs Mall,Men's Casual Shirts,999,529,5.0,https://www.limeroad.com/navy-blue-cotton-blend-vs-mall-p21567309?imgIdx=0&src_id=fromsearch__0
Men Printed Cotton Casual Shirt, Showoffff,Men's Casual Shirts,2398,889,4.5,https://www.limeroad.com/multi-colored-cotton-showoff-p21463242?imgIdx=0&src_id=fromsearch__0
Men Collared Printed Casual Shirt, Ketch,Men's Casual Shirts,1199,369,4.0,https://www.limeroad.com/multi-colored-cotton-ketch-p21487555?imgIdx=0&src_id=fromsearch__0
Mens Checks Casual Shirt, Crosscreek,Men's Casual Shirts,1995,789,4.5,https://www.limeroad.com/multi-linen-crosscreek-p18686938?imgIdx=0&src_id=fromsearch__0
Men Regular Fit Striped Casual Shirt, Ambi,Men's Casual Shirts,2699,459,4.0,https://www.limeroad.com/dark-blue-cotton-blend-ambi-p21626671?imgIdx=0&src_id=fromsearch__0
Men Long Sleeves Checkered Casual Shirt, Showoffff,Men's Casual Shirts,2898,1119,4.5,https://www.limeroad.com/navy-blue-cotton-blend-showoff-p21597465?imgIdx=0&src_id=fromsearch__0
Men Printed Long Sleeve Casual Shirt, V-Mart,Men's Casual Shirts,999,799,3.5,https://www.limeroad.com/blue-cotton-v-mart-p21717885?imgIdx=0&src_id=fromsearch__0
Men Multi Color Collared Neck Casual Shirts, Ketch,Men's Casual Shirts,1449,380,4.0,https://www.limeroad.com/multi-colored-cotton-blend-ketch-p21486892?imgIdx=0&src_id=fromsearch__0
Men Printed Short Sleeve Casual Shirt, Ethnic Treasures,Men's Casual Shirts,1199,799,4.0,https://www.limeroad.com/beige-cotton-ethnic-treasures-p21559299?imgIdx=0&src_id=fromsearch__0
Men Long Sleeves Checkered Casual Shirt, Enspyr,Men's Casual Shirts,1599,909,4.0,https://www.limeroad.com/navy-blue-cotton-enspyr-p21742561?imgIdx=0&src_id=fromsearch__0
Men Blue Collared Neck Casual Shirts, Ketch,Men's Casual Shirts,1849,539,4.0,https://www.limeroad.com/dark-blue-cotton-ketch-p21487102?imgIdx=0&src_id=fromsearch__0
Men Abstract Printed Short Sleeves Casual Shirt, Showoffff,Men's Casual Shirts,2398,889,4.0,https://www.limeroad.com/blue-cotton-showoff-p21696368?imgIdx=0&src_id=fromsearch__0
Mens Quirky Casual Shirt, Showoffff,Men's Casual Shirts,2565,849,4.0,https://www.limeroad.com/blue-cotton-showoff-p19409859?imgIdx=0&src_id=fromsearch__0
Men Striped Casual Shirt, Ketch,Men's Casual Shirts,1799,469,3.5,https://www.limeroad.com/multi-colored-cotton-blend-ketch-p21488580?imgIdx=0&src_id=fromsearch__0
Multicolored Cotton Blend Casual Shirt, Showoffff,Men's Casual Shirts,2220,779,4.5,https://www.limeroad.com/brown-cotton-blend-showoff-p20598690?imgIdx=0&src_id=fromsearch__0
Multi Colored Cotton Blend Casual Shirt, Beyou Fashion,Men's Casual Shirts,999,419,4.0,https://www.limeroad.com/multi-colored-cotton-blend-beyou-fashion-p20841124?imgIdx=0&src_id=fromsearch__0
Mens Checks Casual Shirt, Showoff Plus,Men's Casual Shirts,3040,999,4.5,https://www.limeroad.com/white-cotton-showoff-plus-p18215159?imgIdx=0&src_id=fromsearch__0
Half Sleeve Oversized Fit Shirt, Chimpaaanzee,Men's Casual Shirts,1499,699,4.0,https://www.limeroad.com/white-fleece-chimpaaanzee-p21113438?imgIdx=0&src_id=fromsearch__0
Men Long Sleeved Camouflage Print Casual Shirt, Ketch,Men's Casual Shirts,1399,369,4.0,https://www.limeroad.com/multi-colored-cotton-blend-ketch-p21487790?imgIdx=0&src_id=fromsearch__0
Men Short Sleeves Printed Casual Shirt, Showoffff,Men's Casual Shirts,2698,1049,4.5,https://www.limeroad.com/multi-colored-cotton-showoff-p21721535?imgIdx=0&src_id=fromsearch__0
Men Vertical Striped Short Sleeve Casual Shirt, Showoffff,Men's Casual Shirts,2398,959,4.5,https://www.limeroad.com/navy-blue-cotton-blend-showoff-p21550062?imgIdx=0&src_id=fromsearch__0
Mens Printed Casual Shirt, Showoffff,Men's Casual Shirts,2497,729,4.5,https://www.limeroad.com/blue-cotton-showoff-p18537371?imgIdx=0&src_id=fromsearch__0
Men Short Sleeved Printed Casual Shirt, Showoffff,Men's Casual Shirts,2298,850,4.5,https://www.limeroad.com/multi-colored-cotton-showoff-p21378754?imgIdx=0&src_id=fromsearch__0
Men Printed Cotton Casual Shirt, Showoffff,Men's Casual Shirts,2398,889,4.0,https://www.limeroad.com/navy-blue-cotton-showoff-p21463240?imgIdx=0&src_id=fromsearch__0
Men Loose Fit Striped Cuban Collar Casual Shirt, Showoffff,Men's Casual Shirts,2698,1049,4.5,https://www.limeroad.com/teal-cotton-blend-showoff-p21597517?imgIdx=0&src_id=fromsearch__0
Mens Quirky Casual Shirt, Showoffff,Men's Casual Shirts,2425,729,4.5,https://www.limeroad.com/navy-blue-cotton-showoff-p17646704?imgIdx=0&src_id=fromsearch__0
Men Regular Fit Self Design Long Sleeve Casual Shirt, All Ways You,Men's Casual Shirts,2699,499,4.0,https://www.limeroad.com/men-regular-fit-self-design-long-sleeve-casual-shirt-all-ways-you-p21646644?imgIdx=0&src_id=fromsearch__0
Men Checkered Casual Shirt, Showoffff,Men's Casual Shirts,2298,900,5.0,https://www.limeroad.com/cream-cotton-showoff-p21277226?imgIdx=0&src_id=fromsearch__0
Men Collared Tie & Dye Casual Shirt, Ketch,Men's Casual Shirts,1699,449,4.0,https://www.limeroad.com/multi-colored-cotton-blend-ketch-p21486732?imgIdx=0&src_id=fromsearch__0
Mens Printed Casual Shirt, Veera Paridhaan,Men's Casual Shirts,1799,889,3.5,https://www.limeroad.com/pink-cotton-veera-paridhaan-p19699209?imgIdx=0&src_id=fromsearch__0
Mens Stripes Casual Shirt, Showoffff,Men's Casual Shirts,1880,670,4.0,https://www.limeroad.com/multi-colored-cotton-showoff-p20325499?imgIdx=0&src_id=fromsearch__0
Dark Blue Cotton Blend Casual Shirt, Beyou Fashion,Men's Casual Shirts,999,389,4.0,https://www.limeroad.com/dark-blue-cotton-blend-beyou-fashion-p20841014?imgIdx=0&src_id=fromsearch__0
Men Striped Short Sleeves Casual Shirt, Showoffff,Men's Casual Shirts,2598,1009,4.5,https://www.limeroad.com/green-cotton-showoff-p21696329?imgIdx=0&src_id=fromsearch__0
Men Slim Fit Checkered Long Sleeve Casual Shirt, Duke,Men's Casual Shirts,1799,1129,3.5,https://www.limeroad.com/maroon-cotton-duke-p21644363?imgIdx=0&src_id=fromsearch__0
Men Slim Fit Printed Long Sleeve Casual Shirt, Duke,Men's Casual Shirts,1599,1179,3.5,https://www.limeroad.com/blue-cotton-duke-p21644341?imgIdx=0&src_id=fromsearch__0
Men Short Sleeves Printed Casual Shirt, Showoffff,Men's Casual Shirts,2398,859,4.5,https://www.limeroad.com/navy-blue-cotton-blend-showoff-p21597473?imgIdx=0&src_id=fromsearch__0
Men Collared Printed Casual Shirt, Ketch,Men's Casual Shirts,1249,329,3.5,https://www.limeroad.com/multi-colored-cotton-blend-ketch-p21487568?imgIdx=0&src_id=fromsearch__0
Men Slim Fit Printed Long Sleeve Casual Shirt, Duke,Men's Casual Shirts,1599,1179,3.5,https://www.limeroad.com/blue-cotton-duke-p21644332?imgIdx=0&src_id=fromsearch__0
Men Printed Long Sleeve Regular Fit Casual Shirt, Sand Dunes,Men's Casual Shirts,1499,999,4.0,https://www.limeroad.com/navy-blue-slub-sand-dunes-p21917030?imgIdx=0&src_id=fromsearch__0
White Checkered Cotton Casual Shirt, Chimpaaanzee,Men's Casual Shirts,1499,799,3.5,https://www.limeroad.com/navy-blue-cotton-blend-chimpaaanzee-p21303891?imgIdx=0&src_id=fromsearch__0
Navy Blue Cotton Blend Casual Shirt, Showoffff,Men's Casual Shirts,2600,809,4.5,https://www.limeroad.com/navy-blue-cotton-blend-showoff-p20598774?imgIdx=0&src_id=fromsearch__0
Men Printed Short Sleeve Slim Fit Casual Shirt, Duke,Men's Casual Shirts,1675,1579,3.5,https://www.limeroad.com/blue-cotton-duke-p21840129?imgIdx=0&src_id=fromsearch__0
Men Collared Printed Casual Shirt, Ketch,Men's Casual Shirts,1199,319,4.0,https://www.limeroad.com/multi-colored-cotton-ketch-p21487558?imgIdx=0&src_id=fromsearch__0
Men Long Sleeved Solid Casual Shirt, Showoffff,Men's Casual Shirts,2198,809,4.5,https://www.limeroad.com/navy-blue-cotton-showoff-p21378872?imgIdx=0&src_id=fromsearch__0
Men Collared Printed Casual Shirt, Ketch,Men's Casual Shirts,1949,509,4.0,https://www.limeroad.com/multi-colored-cotton-ketch-p21486806?imgIdx=0&src_id=fromsearch__0
Mens Solid Casual Shirt, Vida Loca,Men's Casual Shirts,2499,1049,4.0,https://www.limeroad.com/brown-cotton-vida-loca-p19119487?imgIdx=0&src_id=fromsearch__0
Men Striped Long Sleeve Regular Fit Casual Shirt, Flick By Vmart,Men's Casual Shirts,399,389,4.0,https://www.limeroad.com/dark-blue-poly-cotton-v-mart-p21873103?imgIdx=0&src_id=fromsearch__0
Men Regular Fit Printed Single Pocket Casual Shirt, Am Swan,Men's Casual Shirts,2399,1199,4.0,https://www.limeroad.com/multi-colored-rayon-am-swan-p21636362?imgIdx=0&src_id=fromsearch__0
Men Collared Printed Casual Shirt, Ketch,Men's Casual Shirts,1299,339,4.0,https://www.limeroad.com/multi-colored-cotton-ketch-p21487140?imgIdx=0&src_id=fromsearch__0
Men Long Sleeves Checkered Casual Shirt, Enspyr,Men's Casual Shirts,1599,909,4.0,https://www.limeroad.com/navy-blue-cotton-enspyr-p21742553?imgIdx=0&src_id=fromsearch__0
Men Printed Long Sleeve Casual Shirt, V-Mart,Men's Casual Shirts,999,799,3.5,https://www.limeroad.com/green-cotton-v-mart-p21717886?imgIdx=0&src_id=fromsearch__0
Mens Micro Print Casual Shirt, Ad By Arvind,Men's Casual Shirts,2399,1239,5.0,https://www.limeroad.com/multi-cotton-ad-by-arvind-p18038466?imgIdx=0&src_id=fromsearch__0
Mens Printed Collared Casual Shirt, Jainish,Men's Casual Shirts,2399,649,4.5,https://www.limeroad.com/brown-cotton-blend-jainish-p20154849?imgIdx=0&src_id=fromsearch__0
Men Collared Short Sleeve Casual Shirt, Showoffff,Men's Casual Shirts,2220,819,5.0,https://www.limeroad.com/green-cotton-blend-showoff-p20960762?imgIdx=0&src_id=fromsearch__0
Men Printed Multi Colored Rayon Relaxed Fit Casual Shirt, Dimeh,Men's Casual Shirts,999,799,4.0,https://www.limeroad.com/orange-rayon-dimeh-p20502994?imgIdx=0&src_id=fromsearch__0
Men Checkered Long Sleeve Regular Fit Casual Shirt, Showoffff,Men's Casual Shirts,2898,1219,4.5,https://www.limeroad.com/navy-blue-cotton-showoffff-p21923995?imgIdx=0&src_id=fromsearch__0
Men Checkered Cotton Casual Shirt, Purple State,Men's Casual Shirts,2499,439,3.5,https://www.limeroad.com/multi-colored-cotton-blend-purple-state-p21308075?imgIdx=0&src_id=fromsearch__0
Men Long Sleeved Checkered Casual Shirt, Purple State,Men's Casual Shirts,2499,439,3.5,https://www.limeroad.com/multi-colored-cotton-purple-state-p21308095?imgIdx=0&src_id=fromsearch__0
Men Checkered Casual Wear Shirt, Ketch,Men's Casual Shirts,899,236,4.0,https://www.limeroad.com/multi-colored-cotton-blend-ketch-p21487911?imgIdx=0&src_id=fromsearch__0
Men Printed Long Sleeve Casual Shirt, V-Mart,Men's Casual Shirts,999,849,3.5,https://www.limeroad.com/blue-cotton-v-mart-p21717900?imgIdx=0&src_id=fromsearch__0
Men Long Sleeved Solid Casual Shirt, Neef Play,Men's Casual Shirts,1699,699,4.0,https://www.limeroad.com/navy-blue-cotton-blend-neef-play-p21483157?imgIdx=0&src_id=fromsearch__0
Men Long Sleeves Checkered Casual Shirt, Enspyr,Men's Casual Shirts,1599,909,4.0,https://www.limeroad.com/navy-blue-cotton-enspyr-p21742555?imgIdx=0&src_id=fromsearch__0
Navy Blue Printed Casual Shirt, Duke,Men's Casual Shirts,1725,909,3.5,https://www.limeroad.com/navy-blue-cotton-duke-p18393172?imgIdx=0&src_id=fromsearch__0
Men Printed Collared Short Sleeves Casual Shirt, Showoffff,Men's Casual Shirts,2598,1039,4.5,https://www.limeroad.com/multi-colored-cotton-showoff-p21909041?imgIdx=0&src_id=fromsearch__0
Men Solid Collared Long Sleeves Casual Shirt, Showoffff,Men's Casual Shirts,2598,1039,4.5,https://www.limeroad.com/navy-blue-cotton-showoff-p21909022?imgIdx=0&src_id=fromsearch__0
Men Checkered Long Sleeve Regular Fit Casual Shirt, Showoffff,Men's Casual Shirts,2598,1089,4.5,https://www.limeroad.com/navy-blue-cotton-showoffff-p21933680?imgIdx=0&src_id=fromsearch__0
Men Printed Mandarin Neck Long Sleeve Shirt, Showoffff,Men's Casual Shirts,2398,1009,4.5,https://www.limeroad.com/navy-blue-cotton-blend-showoffff-p21923962?imgIdx=0&src_id=fromsearch__0
Men Checkered Long Sleeve Regular Fit Casual Shirt, Showoffff,Men's Casual Shirts,2598,1039,4.5,https://www.limeroad.com/navy-blue-cotton-showoff-p21909050?imgIdx=0&src_id=fromsearch__0
Men Solid Short Sleeve Regular Fit Casual Shirt, Showoffff,Men's Casual Shirts,2398,1009,4.5,https://www.limeroad.com/navy-blue-cotton-showoffff-p21933693?imgIdx=0&src_id=fromsearch__0
Men Checkered Long Sleeve Regular Fit Casual Shirt, Showoffff,Men's Casual Shirts,2898,1219,4.5,https://www.limeroad.com/green-cotton-showoffff-p21923999?imgIdx=0&src_id=fromsearch__0
Men Checkered Long Sleeve Regular Fit Casual Shirt, Showoffff,Men's Casual Shirts,2598,1089,4.5,https://www.limeroad.com/navy-blue-cotton-showoffff-p21923971?imgIdx=0&src_id=fromsearch__0
Men Striped Long Sleeve Casual Shirt, Showoffff,Men's Casual Shirts,2698,1049,4.5,https://www.limeroad.com/navy-blue-cotton-showoff-p21562537?imgIdx=0&src_id=fromsearch__0
